,word1,word2,prediction
0,abandon,frost,-1.0124136311933398
1,abandon,railroad,-0.9587898291647434
2,abortion,religion,-0.799574688076973
3,abstract,candle,-1.0033352333121002
4,abstract,frog,-1.0109814330935478
5,abstract,moon,-1.0115255694836378
6,abstract,rally,-1.1000714302062988
7,abuse,abuse,0.0
8,abuse,disorder,-0.6867896616458893
9,accommodate,adjust,-0.6226698458194733
10,accommodation,accommodation,0.0
11,accompany,walking,-0.9302554056048393
12,account,explanation,-0.723858505487442
13,account,invoice,-0.9207811951637268
14,act,improvement,-0.88860222697258
15,action,adjustment,-0.8914915174245834
16,action,entrance,-1.02722791954875
17,activity,solo,-0.9557595141232014
18,activity,variation,-0.805028960108757
19,actor,amateur,-0.7278561890125275
20,ad,track,-1.0139230350032449
21,add,increased,-0.7958191931247711
22,add,string,-0.9312891438603401
23,addition,segment,-0.8349004834890366
24,admitting,confess,-0.5728997588157654
25,adult,dentist,-0.8408107459545135
26,advance,advance,0.0
27,advance,string,-1.012063424102962
28,advice,recommendation,-0.5643339455127716
29,advised,murder,-1.010883872397244
30,aerial,clown,-0.9604620598256588
31,africa,territory,-0.8901960626244545
32,age,history,-0.8167495280504227
33,agency,police,-0.7286961376667023
34,aim,intending,-0.7306602001190186
35,air,cold,-0.6955185532569885
36,air,plasma,-0.9034886732697487
37,air,satellite,-0.7613985240459442
38,aircraft,fleet,-0.4965153932571411
39,aircraft,flight,-0.47717589139938354
40,aircraft,yacht,-0.7263829112052917
41,airplane,plane,-0.26787513494491577
42,ale,bitter,-0.7700386792421341
43,alley,street,-0.6626079082489014
44,aluminum,component,-0.7909087240695953
45,aluminum,imperative,-1.0196497328579426
46,american,lobster,-0.9495432712137699
47,ammunition,intolerable,-0.9634716957807541
48,amount,number,-0.730361670255661
49,amounted,make,-0.962855376303196
50,amusement,athletics,-0.9114746153354645
51,amusement,procedure,-1.0822498127818108
52,anatomy,palm,-1.0350929200649261
53,ancient,city,-0.7693420499563217
54,angel,asphalt,-1.0022488369140774
55,angel,pod,-0.9878550171852112
56,angrier,stormy,-0.976193418726325
57,animal,asia,-0.9606724567711353
58,animal,flora,-0.7662102431058884
59,animal,giraffe,-0.7396045625209808
60,animal,mural,-0.8852766156196594
61,animal,wild,-0.5750589072704315
62,animal,worm,-0.7924409061670303
63,animal,zoo,-0.5663515329360962
64,anniversary,marriage,-0.8330051600933075
65,answering,counter,-0.8950161561369896
66,anxiety,insecurities,-0.608898252248764
67,apartment,staircase,-0.7117691338062286
68,appliance,dryer,-0.7394914627075195
69,appreciate,see,-0.7065746486186981
70,approach,avenue,-0.9535100646317005
71,approach,merit,-0.960525706410408
72,approach,trench,-1.0205104891210794
73,approval,encouragement,-0.8388004750013351
74,approving,interaction,-1.0445648171007633
75,aquarium,coin,-0.9440343976020813
76,arch,brick,-0.6649087369441986
77,arch,roof,-0.758462443947792
78,architecture,urban,-0.7575380206108093
79,area,space,-0.7996413558721542
80,argument,evidence,-0.6401301324367523
81,arm,bicycle,-0.8437026888132095
82,arm,television,-0.8707655072212219
83,arrange,discard,-0.772017702460289
84,arrange,study,-1.0244684983044863
85,arrangement,blizzard,-1.0543734356760979
86,arrangement,room,-0.8928240239620209
87,art,craft,-0.7587913870811462
88,art,gem,-0.7741927653551102
89,art,museum,-0.34681087732315063
90,art,painting,-0.3709253668785095
91,article,cup,-0.9677777402102947
92,article,girl,-0.9510595053434372
93,ash,bone,-0.9249001294374466
94,ash,coil,-0.9713098034262657
95,asphalt,crane,-0.9830487202852964
96,asphalt,water,-0.8317931741476059
97,assets,exclude,-0.7795125395059586
98,association,organization,-0.5263692438602448
99,association,realtor,-0.8002418577671051
100,asylum,dollar,-1.0002072350034723
101,asylum,shelter,-0.6978503167629242
102,athletics,racing,-0.7173976600170135
103,athletics,swimming,-0.4398929476737976
104,attempt,give,-0.7738188058137894
105,attempt,initiate,-0.7749141156673431
106,attitude,notice,-0.9143092036247253
107,attitude,study,-0.9075831919908524
108,attorney,lawyer,-0.25622451305389404
109,auto,bright,-1.011975172907114
110,automobile,fabric,-0.8701223433017731
111,automobile,racing,-0.6465610563755035
112,autumn,foliage,-0.5602225065231323
113,autumn,hat,-0.9510034583508968
114,autumn,sunshine,-0.6220238506793976
115,autumn,winter,-0.3842918276786804
116,award,citation,-0.6281778514385223
117,baby,treat,-0.8347655087709427
118,back,lumbar,-0.8771792352199554
119,back,shifting,-0.8568263202905655
120,bacon,bread,-0.6347706019878387
121,bacon,pepper,-0.657660722732544
122,bacon,salad,-0.6310586929321289
123,bacon,tomato,-0.621088832616806
124,bacon,wild,-0.9193815439939499
125,bag,cop,-0.9823806900531054
126,bag,flag,-0.916179858148098
127,bakery,cake,-0.6835343837738037
128,bakery,vehicle,-0.972124096006155
129,balance,gauge,-0.9122563526034355
130,banana,salad,-0.7285519540309906
131,band,guitar,-0.48384416103363037
132,band,metal,-0.5144592821598053
133,band,play,-0.8718887120485306
134,band,uniform,-0.9273364916443825
135,band,vinyl,-0.6783241927623749
136,bank,smell,-1.1011782139539719
137,bankruptcy,enterprise,-0.8650998175144196
138,bar,diner,-0.6494833528995514
139,bar,ship,-0.9007332697510719
140,bar,stair,-0.9525023922324181
141,bar,sushi,-0.5889115631580353
142,barn,food,-0.8817649185657501
143,barrel,gallon,-0.5327325165271759
144,base,club,-0.8859864622354507
145,baseball,born,-0.926180511713028
146,baseball,cactus,-0.7916359752416611
147,baseball,game,-0.5787705779075623
148,baseball,hockey,-0.4530869126319885
149,baseball,season,-0.6596511900424957
150,basket,dinner,-0.8801219537854195
151,basketball,lesson,-0.8363390564918518
152,basketball,squash,-0.6229169964790344
153,bat,bats,-0.3363180160522461
154,bath,bedroom,-0.6288242936134338
155,bath,floor,-0.8087076395750046
156,bath,hot,-0.7014347910881042
157,bath,sleep,-0.8120889514684677
158,bathroom,chamber,-0.9238594472408295
159,bay,curve,-0.9279460236430168
160,bay,harbour,-0.5656639337539673
161,beach,cliff,-0.7381588816642761
162,beach,pebble,-0.5603506565093994
163,bead,chess,-0.959349911659956
164,bead,gold,-0.8559646606445312
165,bead,redhead,-0.8243722766637802
166,beam,column,-0.8263213485479355
167,beard,hair,-0.3796183466911316
168,beat,meter,-0.8753094151616096
169,bed,candy,-0.9226747378706932
170,bed,floor,-0.6551867723464966
171,bed,furniture,-0.7116147577762604
172,bed,layer,-0.8516094535589218
173,bed,pillow,-0.535247415304184
174,bed,relax,-0.76779605448246
175,bed,sitting,-0.6053469777107239
176,bed,staircase,-0.759119302034378
177,bedroom,canyon,-0.8730330169200897
178,bedroom,ceiling,-0.6712832450866699
179,bedroom,cell,-0.7846128046512604
180,bedroom,construction,-0.9480894468724728
181,bedroom,door,-0.5659474730491638
182,bedroom,downtown,-0.8015715628862381
183,bedroom,room,-0.4099244475364685
184,bedroom,stair,-0.8431241512298584
185,bedroom,staircase,-0.6339931488037109
186,beef,chicken,-0.35034728050231934
187,beef,lamb,-0.48885440826416016
188,beef,pepper,-0.7204391360282898
189,beef,potato,-0.5877171158790588
190,beer,patio,-0.8845364898443222
191,beer,wild,-0.8360721617937088
192,being,characters,-0.8565008789300919
193,believe,week,-0.9378012679517269
194,belly,black,-0.7676583230495453
195,belly,dance,-0.7281538546085358
196,belly,dark,-0.7258384525775909
197,belly,field,-1.0109624546021223
198,belly,stripe,-0.6843209564685822
199,bench,game,-0.6696146428585052
200,benefited,get,-0.95513866096735
201,bent,double,-0.885169267654419
202,bent,inclination,-0.8402159810066223
203,berlin,germany,-0.4077816605567932
204,berry,blossom,-0.7062976956367493
205,berry,bright,-0.7847214937210083
206,berry,dessert,-0.7451612949371338
207,berry,ivy,-0.6825052201747894
208,berry,raspberry,-0.5358664691448212
209,berry,seed,-0.8103755563497543
210,berry,sweet,-0.6518150568008423
211,bias,prejudice,-0.4293922781944275
212,bible,misty,-1.008767661638558
213,bicycle,green,-0.9384692907333374
214,bigger,large,-0.6360128223896027
215,bike,chopper,-0.7758219540119171
216,bikini,ivy,-0.8657492101192474
217,bin,cup,-0.9373455122113228
218,bird,cock,-0.7429085969924927
219,bird,dragonfly,-0.7549870610237122
220,bird,flamingo,-0.7697970420122147
221,bird,goose,-0.6438161432743073
222,bird,insect,-0.625665932893753
223,bird,reptile,-0.5867982506752014
224,bird,shade,-0.9503057897090912
225,bird,solid,-1.0725023299455643
226,bishop,priest,-0.34580177068710327
227,bishop,radical,-1.0062415595166385
228,bishop,wine,-0.9361755028367043
229,bit,curb,-0.9498476758599281
230,bit,tool,-0.962257906794548
231,bitter,taste,-0.7007003426551819
232,black,blue,-0.4989340305328369
233,black,bright,-0.6285774111747742
234,black,brown,-0.5040667653083801
235,black,cigarette,-0.965873833745718
236,black,juvenile,-0.9146760851144791
237,black,skirt,-0.6685084104537964
238,black,white,-0.32314151525497437
239,blast,smashing,-0.8038028329610825
240,blaze,pig,-0.9605070389807224
241,blessing,patronage,-0.7124468684196472
242,blizzard,rash,-0.8211805820465088
243,block,hinder,-0.7676316052675247
244,blonde,haircut,-0.6784468293190002
245,blonde,wig,-0.5338411033153534
246,bloom,flower,-0.5880622267723083
247,bloom,friend,-0.7717273384332657
248,bloom,plant,-0.7785058915615082
249,bloom,purple,-0.6649327278137207
250,blossom,bud,-0.7615526020526886
251,blossom,cherry,-0.4032096862792969
252,blossom,daisy,-0.6864161789417267
253,blossom,foliage,-0.6395353972911835
254,blossom,orange,-0.6625523269176483
255,blossom,petal,-0.6221005320549011
256,blossom,purple,-0.7043565809726715
257,blow,contact,-1.0110910031944513
258,blow,swat,-0.9440009482204914
259,blowing,smoking,-0.8610974550247192
260,blue,colour,-0.5990636646747589
261,blue,happy,-0.8660947531461716
262,blue,report,-0.9727307260036469
263,blue,shade,-0.6885268092155457
264,blue,skirt,-0.6855534315109253
265,blues,rhythm,-0.5326700508594513
266,blur,focus,-0.8770439252257347
267,blur,metro,-1.0469539277255535
268,board,deal,-0.9458103887736797
269,boardwalk,park,-0.6894145309925079
270,boast,complain,-0.7504008114337921
271,boat,negro,-1.0537293553352356
272,boat,shore,-0.6114512979984283
273,bold,forward,-0.8876038864254951
274,bold,leader,-0.8680119961500168
275,bone,skull,-0.4609147310256958
276,book,building,-0.9723525159060955
277,book,smoking,-0.96162249147892
278,booklet,reference,-0.7780250459909439
279,boot,kick,-0.7714575380086899
280,boot,punch,-0.8095890283584595
281,bootleg,produce,-0.8423523753881454
282,bootleg,whiskey,-0.6187663376331329
283,born,construction,-1.0423632189631462
284,born,mother,-0.5383767187595367
285,born,subway,-1.0406597293913364
286,bottle,wine,-0.4997091293334961
287,bound,line,-0.8591641336679459
288,bound,skirt,-0.8639461994171143
289,bowling,wheel,-0.9596959836781025
290,boxer,stair,-0.8835936188697815
291,boxing,hit,-0.9688662961125374
292,boy,hand,-0.8029650002717972
293,boy,live,-0.8617250025272369
294,bracelet,jewelry,-0.5799363553524017
295,bracelet,mountain,-1.167244777083397
296,brain,head,-0.8247205168008804
297,brake,click,-0.9351456835865974
298,branch,tea,-0.9058464393019676
299,brass,executive,-0.9620468355715275
300,brazil,nut,-0.9188772067427635
301,brazil,triple,-0.9052552506327629
302,bread,bun,-0.6369809806346893
303,bread,cooking,-0.5704316198825836
304,bread,cover,-0.9043624922633171
305,bread,dessert,-0.555633932352066
306,bread,egg,-0.5971467196941376
307,bread,medicine,-0.9053533151745796
308,break,glittering,-0.9841497484594584
309,break,scattered,-0.9744672924280167
310,breakfast,diner,-0.5464407503604889
311,breakfast,evening,-0.5758601129055023
312,breakfast,lunch,-0.34268397092819214
313,breakfast,makeup,-0.9890649951994419
314,breakfast,morning,-0.5674735605716705
315,breakfast,people,-0.8805677071213722
316,breakfast,relax,-0.7839357107877731
317,brick,cement,-0.6029096841812134
318,brick,construction,-0.5946128964424133
319,brick,skyscraper,-0.6496771275997162
320,bride,photographer,-0.9239170178771019
321,bright,dark,-0.4494186043739319
322,bright,fruit,-0.7280687093734741
323,bright,mist,-0.766302227973938
324,bright,raspberry,-0.800237774848938
325,bright,shade,-0.5416408479213715
326,bright,sky,-0.5764351487159729
327,bring,presenting,-1.0322506204247475
328,bring,return,-0.5872239172458649
329,broadcast,packet,-0.8398749083280563
330,bronze,sculpture,-0.5354617238044739
331,bronze,suspicion,-1.023035604506731
332,brown,green,-0.5513500273227692
333,brown,hawk,-0.8052855283021927
334,brown,purple,-0.6358988583087921
335,brown,white,-0.5314694941043854
336,brussels,sweden,-0.8469667583703995
337,bucket,water,-0.70016148686409
338,bud,flower,-0.7118170261383057
339,bud,ivy,-0.8727920204401016
340,budget,fund,-0.6719910502433777
341,budget,scale,-0.9222459495067596
342,bug,insect,-0.5483227670192719
343,building,cafe,-0.8360945880413055
344,building,construction,-0.38103413581848145
345,building,downtown,-0.5319516658782959
346,building,floor,-0.5609079599380493
347,building,ministry,-0.812314510345459
348,building,tall,-0.7549726366996765
349,building,zombie,-1.092700943350792
350,burger,cooking,-0.8982003629207611
351,burger,dessert,-0.7861467450857162
352,burger,salad,-0.6895274817943573
353,burger,soup,-0.6273964941501617
354,burn,fire,-0.6626543402671814
355,burn,ripple,-0.9281196817755699
356,bus,rail,-0.4634493589401245
357,business,railway,-0.8718511462211609
358,butter,stick,-0.7011481523513794
359,butterfly,caterpillar,-0.8254629075527191
360,butterfly,dragonfly,-0.5618880391120911
361,butterfly,glittering,-0.9306076765060425
362,button,sticker,-0.839822843670845
363,cafe,child,-0.9739328473806381
364,cafe,coffee,-0.5156958699226379
365,cafe,dinner,-0.599442720413208
366,cafe,donut,-0.7305638492107391
367,cafe,lunch,-0.6269098222255707
368,cafe,pub,-0.4828975796699524
369,cafe,reflection,-0.9909257935360074
370,cafe,relax,-0.8444343507289886
371,cafe,shop,-0.5186201333999634
372,cafe,spiral,-1.0348117016255856
373,cake,christmas,-0.6727806925773621
374,call,meeting,-0.7001504600048065
375,call,statement,-0.7314963936805725
376,call,telephone,-0.5545063614845276
377,camel,desert,-0.7354202568531036
378,camp,camp,0.0
379,campaign,conspiracy,-0.8663009852170944
380,can,sketch,-0.990966840647161
381,candidate,republic,-0.8456380367279053
382,canine,dog,-0.48076021671295166
383,canyon,landscape,-0.8687627166509628
384,canyon,river,-0.5473568141460419
385,car,insurance,-0.8678677380084991
386,car,pig,-0.957340657711029
387,car,skull,-0.9166001975536346
388,card,playing,-0.804268091917038
389,card,see,-0.9859119141474366
390,carrier,carrier,0.0
391,carrier,traveler,-0.9473290555179119
392,carrier,vehicle,-0.7859266698360443
393,carrot,memorial,-1.1024838387966156
394,carrot,salad,-0.6045722365379333
395,cart,wagon,-0.621721088886261
396,cartoon,wit,-0.9111405164003372
397,case,clients,-0.8413068056106567
398,cast,cast,0.0
399,cast,shoot,-0.9271477535367012
400,castle,patio,-0.855991393327713
401,castle,ruin,-0.7365803420543671
402,cat,garden,-0.9612067304551601
403,catch,catching,-0.35571759939193726
404,catch,hooks,-0.7229234576225281
405,catching,perceive,-0.9162657633423805
406,catching,playing,-0.756238117814064
407,category,flavor,-0.9944388843141496
408,catering,loan,-0.9378475546836853
409,caterpillar,paint,-0.8657753318548203
410,cathedral,step,-1.0333020091056824
411,cattle,goat,-0.4940834641456604
412,cattle,web,-1.0942735075950623
413,cautious,film,-1.036653608083725
414,ceiling,marble,-0.6571196615695953
415,ceiling,mug,-0.9539698287844658
416,ceiling,room,-0.6261492967605591
417,ceiling,staircase,-0.5613916218280792
418,ceiling,wall,-0.6586514413356781
419,cell,membrane,-0.46307069063186646
420,cemetery,grave,-0.45950233936309814
421,cemetery,memorial,-0.45576995611190796
422,center,center,0.0
423,center,refer,-0.9382509961724281
424,century,period,-0.5874477028846741
425,century,temperature,-0.9236364215612411
426,ceramic,floor,-0.7982465922832489
427,chance,fortune,-0.8503933101892471
428,chance,opportunity,-0.3159419298171997
429,chance,ring,-0.9662703648209572
430,change,laundering,-1.0399232022464275
431,change,transforming,-0.7689300179481506
432,change,yielding,-0.982651598751545
433,channel,sound,-0.8965713307261467
434,chaos,death,-0.8213099986314774
435,chapel,porch,-0.6024225354194641
436,chapel,ruin,-0.8341450244188309
437,charcoal,fuel,-0.7993835657835007
438,charge,damage,-0.8740637004375458
439,charge,sentence,-0.6928935050964355
440,checked,checked,0.0
441,cheer,musician,-1.0036766910925508
442,cheese,food,-0.699579268693924
443,cheetah,flame,-0.9588883332908154
444,chemical,intermediate,-0.7954196482896805
445,chemistry,patient,-0.9352301210165024
446,cherry,fruit,-0.5465126633644104
447,cherry,grape,-0.5163120925426483
448,cherry,lamb,-0.8317032009363174
449,cherry,meat,-0.9348873347043991
450,cherry,orange,-0.6191041469573975
451,cherry,raspberry,-0.4781535267829895
452,chess,family,-1.0181443430483341
453,chess,toy,-0.874760702252388
454,chicken,lamb,-0.46533381938934326
455,chicken,poultry,-0.40471571683883667
456,chief,guru,-0.8354336619377136
457,child,lad,-0.9127712398767471
458,child,street,-0.9471642524003983
459,chile,plate,-0.7961558252573013
460,chocolate,rock,-0.9023687019944191
461,choice,option,-0.4852387309074402
462,chopper,poppy,-1.0069889379665256
463,chord,play,-0.9814289081841707
464,christmas,valentine,-0.5985424816608429
465,church,porch,-0.6977218985557556
466,church,temple,-0.6195375025272369
467,circle,oval,-0.8104236721992493
468,circle,sport,-1.0035051694139838
469,city,round,-0.8694107681512833
470,city,ruin,-0.8963136598467827
471,city,sidewalk,-0.8909822031855583
472,city,square,-0.677008181810379
473,city,urban,-0.6210603713989258
474,class,sex,-0.9300498813390732
475,cliff,coast,-0.8471139073371887
476,cliff,harbour,-0.7771426141262054
477,cliff,waterfall,-0.5759944319725037
478,clinic,session,-0.9510676376521587
479,clock,timer,-0.5185330808162689
480,close,short,-0.8319627046585083
481,closed,closed,0.0
482,closed,state,-0.8447429984807968
483,closed,up,-0.6714951395988464
484,closing,closing,0.0
485,closing,finale,-0.8007511645555496
486,clothes,short,-0.9375081993639469
487,cloud,energy,-0.9493852965533733
488,club,hockey,-0.5940439999103546
489,club,shirt,-0.7724276483058929
490,clubhouse,pop,-1.0334445089101791
491,clue,parish,-1.054348025470972
492,coast,scenery,-0.8887006491422653
493,coast,sunk,-0.6569876968860626
494,coast,zebra,-0.9528921544551849
495,coat,resurfacing,-1.0085639636963606
496,coat,roof,-0.7496546506881714
497,cock,penis,-0.8523028641939163
498,cocktail,garage,-0.9387139678001404
499,cocktail,restaurant,-0.7010223567485809
500,coffee,meeting,-0.8185679614543915
501,coffee,tea,-0.35802626609802246
502,coin,gold,-0.6688411831855774
503,coin,silver,-0.6147073209285736
504,coin,ticket,-0.7751911729574203
505,cold,mist,-0.7439881265163422
506,cold,rain,-0.6447758078575134
507,cold,silver,-0.9765369668602943
508,cold,sunny,-0.6450948417186737
509,cold,sunshine,-0.6787140667438507
510,cold,water,-0.6681229472160339
511,cold,weather,-0.5090009868144989
512,cold,winter,-0.5362325012683868
513,coldness,cool,-0.8453198969364166
514,collage,exhibition,-0.6947487592697144
515,collage,paint,-0.669623464345932
516,collage,sculpture,-0.5210535824298859
517,collage,stream,-0.903286024928093
518,collapse,shock,-0.6846222579479218
519,collar,tiger,-0.9529264718294144
520,collect,collect,0.0
521,collect,scrape,-0.721888393163681
522,collection,library,-0.49615639448165894
523,collection,packet,-0.9719544723629951
524,color,quality,-0.7340691387653351
525,color,wash,-0.7851596921682358
526,colorful,outfit,-0.7609910070896149
527,colorful,shot,-1.0748108848929405
528,colorful,toy,-0.8106923997402191
529,colorful,wood,-0.878290556371212
530,colors,emblem,-0.5395994782447815
531,colour,grey,-0.5210188329219818
532,colour,shade,-0.6259673833847046
533,comfort,relief,-0.8053700029850006
534,comment,mention,-0.6236543953418732
535,commercial,manufacture,-0.7234140336513519
536,commitment,guarantee,-0.5830211043357849
537,communication,theater,-0.960184782743454
538,compact,short,-0.8830598294734955
539,company,distributor,-0.5452227294445038
540,compartment,stalls,-0.8663183152675629
541,compatible,software,-0.5867136418819427
542,competes,race,-0.8971691057085991
543,compound,enhance,-0.9898648392409086
544,compound,whole,-0.9324018731713295
545,computer,lab,-0.5538151264190674
546,computer,number,-0.8749809414148331
547,computer,platform,-0.8746984601020813
548,computer,railway,-1.0427366569638252
549,concentration,focus,-0.787725105881691
550,concert,jazz,-0.5966399908065796
551,concert,sing,-0.6256379783153534
552,concerts,settle,-1.0551407113671303
553,conclusion,judgment,-0.6304481029510498
554,conclusion,situation,-0.8031001836061478
555,concoct,request,-0.9746941290795803
556,concrete,interior,-0.8418589234352112
557,concrete,pin,-0.9448381401598454
558,cone,palm,-1.0326018556952477
559,congress,sex,-0.9968764509540051
560,connection,keyboard,-0.8689635843038559
561,consequences,position,-1.0067748404107988
562,consistency,phase,-0.9660975746810436
563,construction,downtown,-0.7222217321395874
564,construction,interior,-0.7659893333911896
565,contact,print,-0.8765022456645966
566,control,driving,-0.8203698545694351
567,cooking,dessert,-0.639932781457901
568,cooking,eat,-0.6475705802440643
569,cooking,food,-0.549570232629776
570,cooking,frozen,-0.8755421340465546
571,cooking,salad,-0.7015493810176849
572,cool,cool,0.0
573,cool,jazz,-0.8485129177570343
574,cool,state,-1.0043922802433372
575,cop,dirty,-0.7171164453029633
576,cop,music,-1.0212772823870182
577,cop,ruin,-1.021376695483923
578,cord,eclipse,-0.9706756826490164
579,corn,pepper,-0.6947034895420074
580,cost,price,-0.4734700322151184
581,costume,halloween,-0.5544067025184631
582,costume,radiation,-1.0012743899133056
583,cottage,patio,-0.6765534579753876
584,council,minister,-0.8049240261316299
585,count,investigation,-0.9018780216574669
586,count,number,-0.8126927614212036
587,counter,furniture,-0.9489122219383717
588,counter,negative,-0.8076595067977905
589,couple,family,-0.5836278796195984
590,couple,makeup,-0.9257100000977516
591,couple,race,-0.8484335541725159
592,cousin,relation,-0.8639694303274155
593,cover,feather,-0.9771954324096441
594,cover,sleeve,-0.6823266446590424
595,covering,skin,-0.8001573085784912
596,cowboys,ranch,-0.7451639473438263
597,crack,cracking,-0.33947938680648804
598,cracking,noise,-0.7965337187051773
599,cracking,sound,-0.8880214393138885
600,craft,game,-0.9722811412066221
601,crane,stair,-0.777666911482811
602,crash,swing,-1.0468802973628044
603,creation,stitch,-0.9884073808789253
604,credit,flap,-0.9597566686570644
605,credit,foundation,-0.9442142508924007
606,crew,unit,-0.8343915194272995
607,critic,reviewers,-0.6358112692832947
608,crochet,family,-1.0074252560734749
609,crochet,jewelry,-0.8897315189242363
610,crochet,knitting,-0.4570746421813965
611,cross,mug,-0.9989014304010198
612,cross,post,-0.822932243347168
613,cross,pub,-0.895249605178833
614,cross,shopping,-0.9832160416990519
615,crush,push,-0.7351066172122955
616,crush,split,-0.9305239617824554
617,crystal,spiral,-0.8255913108587265
618,cube,dice,-0.7307645678520203
619,cup,handbag,-1.1014314964413643
620,curb,smother,-0.7738430202007294
621,curb,train,-0.9139924645423889
622,current,flow,-0.7743411362171173
623,cut,gore,-0.9151184484362602
624,cute,fashion,-0.8072911947965622
625,cute,friend,-0.8097605854272842
626,cute,fun,-0.5244993269443512
627,cute,haircut,-0.7283202707767487
628,cylinder,pen,-0.9032855182886124
629,daisy,foliage,-0.8260021358728409
630,daisy,grass,-0.8605603724718094
631,daisy,petal,-0.7122742831707001
632,dance,hotel,-0.9196668937802315
633,dandelion,foliage,-0.6969576179981232
634,dandelion,grass,-0.7369242310523987
635,dandelion,petal,-0.682749480009079
636,danger,status,-0.8455197364091873
637,dark,flamingo,-1.041810940951109
638,dark,pod,-0.834415391087532
639,dark,white,-0.5845538377761841
640,dashboard,protection,-0.9418619647622108
641,daughter,graphic,-1.0183497462421656
642,daughter,pub,-0.902325339615345
643,dawn,day,-0.6613481938838959
644,day,glide,-1.0601266399025917
645,day,horse,-0.8743373155593872
646,day,independence,-0.8813498839735985
647,day,night,-0.4804490804672241
648,day,sunny,-0.8035808652639389
649,day,sunset,-0.7872296422719955
650,day,weather,-0.785265788435936
651,dead,sidewalk,-0.8641401827335358
652,deaf,people,-0.8359076380729675
653,death,funeral,-0.6207697689533234
654,decision,option,-0.7361420094966888
655,decoration,tulip,-0.8974398523569107
656,defeat,ending,-0.7404397130012512
657,defeated,people,-1.0013492084108293
658,degree,quantity,-0.8175839185714722
659,demand,supply,-0.5423220992088318
660,demolition,interior,-0.9133672937750816
661,demolition,skyscraper,-0.750062957406044
662,demolition,tall,-0.9438786953687668
663,desert,mountain,-0.5602339804172516
664,deserve,merit,-0.6723320782184601
665,deserve,want,-0.5503521859645844
666,design,graphic,-0.6986083090305328
667,design,orange,-0.9878922468051314
668,designation,recognition,-0.7376757264137268
669,designs,intend,-1.0352627784013748
670,dessert,head,-1.0589541792869568
671,dessert,salad,-0.44747793674468994
672,determination,selection,-0.9207008257508278
673,development,twist,-1.0429517924785614
674,diamond,parade,-0.9029312431812286
675,diamond,short,-1.017303191125393
676,diamond,stencil,-0.9656404368579388
677,difficulty,problem,-0.5734682083129883
678,digit,toe,-0.8687896728515625
679,dilute,market,-0.9227017760276794
680,dinner,sitting,-0.7110902965068817
681,dinner,sleep,-0.8106628656387329
682,direction,direction,0.0
683,direction,traveling,-0.8422666490077972
684,dirt,racing,-0.680593729019165
685,dirt,road,-0.6109821200370789
686,dirt,sand,-0.5533365309238434
687,dirty,dude,-0.7721269130706787
688,dirty,rabbit,-0.8594525307416916
689,dirty,washing,-0.6484194397926331
690,discharge,spread,-0.9829526599496603
691,discipline,discipline,0.0
692,disk,dot,-0.8806029111146927
693,display,stick,-0.9044210761785507
694,dissipate,isolate,-0.808575302362442
695,distinction,sword,-0.8490923047065735
696,distinguish,medal,-1.0230295825749636
697,distinguish,sex,-0.9673200845718384
698,disturbance,upset,-0.9039545580744743
699,diversion,skiing,-0.934459313750267
700,dock,herb,-1.0146356504410505
701,dog,husky,-0.7636186331510544
702,dog,secretary,-1.062293242663145
703,doll,new,-0.9724195748567581
704,dome,interior,-0.8026200383901596
705,dome,uniform,-1.007390161510557
706,donut,panda,-0.9406408965587616
707,door,interior,-0.7664976119995117
708,door,porch,-0.5134332180023193
709,door,room,-0.5064092874526978
710,downtown,field,-0.9663542211055756
711,downtown,hockey,-0.9213478267192841
712,downtown,ruin,-0.87413290143013
713,downtown,shopping,-0.5275991559028625
714,downtown,subway,-0.615852564573288
715,drag,drawing,-0.9555209688842297
716,dragon,drop,-1.00623290380463
717,dragonfly,frog,-0.606345534324646
718,dragonfly,insect,-0.5755651593208313
719,draw,draw,0.0
720,draw,entertainer,-1.1037174686789513
721,dress,match,-0.9535986930131912
722,dress,neckline,-0.5448523461818695
723,dress,outfit,-0.5336690545082092
724,dressing,patch,-0.9324363619089127
725,drill,implement,-0.8686414361000061
726,drink,turn,-0.8859560340642929
727,dripping,hot,-0.7692253440618515
728,dripping,round,-1.0078536933287978
729,dripping,wet,-0.6285912394523621
730,drive,drive,0.0
731,drive,operate,-0.8435834795236588
732,drop,drop,0.0
733,drop,measure,-0.8334891200065613
734,drop,sink,-0.8096590489149094
735,dropping,dropping,0.0
736,drought,time,-0.9087764322757721
737,drug,reflection,-1.0673437714576721
738,drug,sing,-0.9707467574626207
739,drug,wolf,-1.0003511377144605
740,dude,fun,-0.7273177206516266
741,dude,hanging,-0.9528724476695061
742,dude,sitting,-0.8829255029559135
743,dude,smile,-0.8285445272922516
744,dusk,hummingbird,-0.9333394914865494
745,dusk,misty,-0.7273639142513275
746,dye,kiss,-0.9121904298663139
747,eagle,feather,-0.6190020442008972
748,ear,organ,-0.7091278731822968
749,earn,make,-0.7601708173751831
750,ease,relaxation,-0.5781759321689606
751,ease,rest,-0.8299748748540878
752,east,israel,-0.731321394443512
753,easter,preference,-1.0162594337016344
754,eat,rabbit,-0.7966794967651367
755,eat,soup,-0.6572538912296295
756,eat,truck,-0.9252136796712875
757,educated,learned,-0.76090207695961
758,effects,effects,0.0
759,egg,lego,-0.8883455991744995
760,egg,nest,-0.5221474766731262
761,egg,white,-0.7896457314491272
762,eight,movement,-0.8948535844683647
763,element,mixture,-0.7324115931987762
764,element,situation,-0.931061677634716
765,elephant,giraffe,-0.45195913314819336
766,emission,gum,-0.97504598274827
767,endeavor,worst,-1.1143587231636047
768,enemy,strike,-0.7784150838851929
769,enforcing,execute,-0.8416777700185776
770,engine,gasoline,-0.7330300807952881
771,engineering,technology,-0.4394015669822693
772,english,french,-0.5552745759487152
773,enhanced,increased,-0.5710234940052032
774,enjoy,suffering,-0.9455915652215481
775,enterprise,industry,-0.6890503764152527
776,entrance,registration,-0.8059616982936859
777,equipment,seat,-0.9470274522900581
778,escalator,railway,-0.8322772085666656
779,escalator,redhead,-0.9243296235799789
780,establishment,establishment,0.0
781,evaluate,forecast,-0.9802533034235239
782,evening,fun,-0.7909341603517532
783,evening,night,-0.285460889339447
784,evening,time,-0.7433287501335144
785,event,influence,-1.0145871797576547
786,evidence,format,-1.0547161921858788
787,evidence,record,-0.8389516770839691
788,evil,worst,-0.8135843276977539
789,evolution,publicity,-1.0400880612432957
790,examination,quiz,-0.7061437964439392
791,executive,organization,-0.7359842658042908
792,exhibit,parade,-0.7688823789358139
793,exhibition,painting,-0.568877786397934
794,exhibition,soup,-1.0170522201806307
795,expect,think,-0.4836847186088562
796,expectation,possibility,-0.7284278273582458
797,expedition,mystery,-0.8761033415794373
798,explosion,stencil,-1.0603804625570774
799,express,mail,-0.6778231859207153
800,extending,increase,-0.7643733471632004
801,extort,school,-1.0612613558769226
802,eye,face,-0.7514164745807648
803,eye,lip,-0.6849797964096069
804,eye,sky,-0.8427202254533768
805,fabric,lace,-0.4951934218406677
806,fabric,sail,-0.8719511181116104
807,face,stop,-0.9023165553808212
808,face,tear,-0.8746839761734009
809,fair,midway,-1.0312230568379164
810,family,town,-0.7651860862970352
811,fantasy,fiction,-0.33026134967803955
812,fantasy,recycling,-1.0199312400072813
813,farm,wind,-0.7699059993028641
814,farmer,individual,-0.9798473995178938
815,fashion,handwriting,-0.9407147355377674
816,fashion,outfit,-0.7337419986724854
817,fauna,toy,-1.0212000347673893
818,fbi,investigation,-0.40690529346466064
819,fear,fear,0.0
820,feather,flamingo,-0.7060505151748657
821,feather,grey,-0.7173552215099335
822,feather,hummingbird,-0.813971146941185
823,feather,mallard,-0.8942987769842148
824,feather,nest,-0.6932892501354218
825,feather,sunflower,-0.7980472594499588
826,feedback,flow,-0.7818444073200226
827,feel,friend,-0.8356395810842514
828,feel,stop,-0.8615380078554153
829,feel,tear,-0.9310825765132904
830,feline,kitten,-0.5796507894992828
831,feline,kitty,-0.7155727446079254
832,feline,nut,-0.846895769238472
833,feline,pumpkin,-0.9752549789845943
834,feline,reptile,-0.634466141462326
835,female,old,-0.8451648354530334
836,female,square,-0.9471080750226974
837,festival,gate,-0.7907852530479431
838,festival,music,-0.5268681943416595
839,fiction,romance,-0.4399219751358032
840,field,handle,-1.0137621453031898
841,field,play,-0.6759036183357239
842,field,science,-0.7360720038414001
843,fighting,resist,-0.7943299412727356
844,filing,formations,-1.0008370964205824
845,filled,filled,0.0
846,find,occurrence,-0.9421644322574139
847,fine,precise,-0.8665772676467896
848,finger,toe,-0.4954580068588257
849,fingerprint,football,-1.0875179767608643
850,fire,flame,-0.639272540807724
851,fish,fishing,-0.4770957827568054
852,fishing,shore,-0.5634088218212128
853,fishing,word,-0.9830969981849194
854,five,month,-0.4799620509147644
855,flame,peacock,-0.8884356692433357
856,flame,reaction,-0.9571769312024117
857,flat,housing,-0.8324266374111176
858,fleet,travel,-0.9057697206735611
859,flight,plane,-0.36737698316574097
860,flight,shoot,-0.9039118960499763
861,flood,flood,0.0
862,flood,line,-1.0147291189059615
863,floor,interior,-0.759003072977066
864,floor,stair,-0.7391572594642639
865,flour,garlic,-0.5922199189662933
866,flower,foliage,-0.5620453357696533
867,flower,garden,-0.5971144139766693
868,flower,lily,-0.5871223509311676
869,flower,petal,-0.5704877078533173
870,flower,spring,-0.7032161951065063
871,flower,yellow,-0.6178073585033417
872,flush,good,-0.9732918106019497
873,flyer,justice,-1.2020011395215988
874,fog,mist,-0.37359708547592163
875,fog,sunny,-0.7064919471740723
876,foliage,fruit,-0.6028537452220917
877,foliage,garden,-0.6715378165245056
878,foliage,moss,-0.7250065505504608
879,foliage,pink,-0.6907301843166351
880,foliage,purple,-0.6010586023330688
881,foliage,violet,-0.7057752311229706
882,followed,tailgate,-1.0860391557216644
883,follower,planet,-0.9711547512561083
884,follower,satellite,-1.0247725956141949
885,food,medium,-0.9951094617135823
886,foot,mural,-0.8445385694503784
887,foot,outdoor,-0.8697501122951508
888,foot,toe,-0.5693669617176056
889,football,justice,-0.9600078426301479
890,footprint,scooter,-0.9113356843590736
891,ford,valley,-0.9977522371336818
892,foreign,nation,-0.7802039384841919
893,forest,frog,-0.7973246425390244
894,forest,ground,-0.8030590116977692
895,format,packaging,-0.8248042017221451
896,formation,perceive,-1.0751104950904846
897,formation,perform,-0.9452245347201824
898,forward,player,-0.6557439267635345
899,forward,position,-0.7159189581871033
900,forward,transport,-0.9325505048036575
901,foundation,support,-0.7301041185855865
902,fountain,marble,-0.5451883971691132
903,free,skin,-0.9731467291712761
904,frost,lily,-0.7731600105762482
905,frost,weather,-0.6840833425521851
906,frozen,shop,-0.9015760347247124
907,frozen,soup,-0.73357093334198
908,fruit,orange,-0.602988988161087
909,fruit,product,-0.7581907361745834
910,fruit,strawberry,-0.5857364535331726
911,fruit,sunflower,-0.6492125689983368
912,fun,haircut,-0.9117766246199608
913,fun,happy,-0.536743551492691
914,fungi,insect,-0.5661080777645111
915,fungi,mushroom,-0.6227011978626251
916,furnish,impress,-0.8336292654275894
917,furnishing,jumper,-1.0029826376121491
918,gallery,journal,-0.9466727711260319
919,gamble,pyramid,-0.8880492895841599
920,game,playoff,-0.5043636560440063
921,garage,kitchen,-0.5443378686904907
922,garage,opener,-0.8533545285463333
923,garbage,lunch,-0.8691749274730682
924,gardens,sink,-0.961344413459301
925,gardens,tend,-0.9379304572939873
926,gas,neon,-0.8501229882240295
927,gas,sewer,-0.7486153244972229
928,gasoline,town,-0.983883760869503
929,gauge,meter,-0.7290968596935272
930,gem,quartz,-0.7414262592792511
931,germany,worst,-0.848725900053978
932,get,regained,-0.9955753586255014
933,get,start,-0.6912721991539001
934,giraffe,mist,-0.9417757950723171
935,giraffe,zebra,-0.38344329595565796
936,giraffe,zoo,-0.6722002625465393
937,girl,sexy,-0.602755606174469
938,glove,wear,-0.8304324150085449
939,goose,outfit,-0.9775259327143431
940,government,immunity,-0.806030735373497
941,governor,office,-0.6773538589477539
942,graduate,graduate,0.0
943,grape,wine,-0.3439178466796875
944,graphic,roof,-0.9937532329931855
945,grass,ski,-0.9305272921919823
946,grass,skull,-0.9802388120442629
947,grass,stop,-0.9409362338483334
948,grave,memorial,-0.7071711421012878
949,grave,santa,-0.9557266011834145
950,grave,shore,-0.9510490074753761
951,graveyard,ruin,-0.83756884932518
952,gray,property,-1.0412367433309555
953,greater,greater,0.0
954,greater,large,-0.7382382154464722
955,green,number,-0.8610720187425613
956,green,yellow,-0.5137983560562134
957,greeting,receptions,-0.7971998900175095
958,grey,pink,-0.5823869407176971
959,grey,rusty,-0.834322139620781
960,grey,white,-0.5828418135643005
961,guardian,livestock,-0.9161653146147728
962,gulf,ms,-0.971173832193017
963,gun,picture,-0.9541919119656086
964,guy,idea,-0.7654885500669479
965,guy,kid,-0.47142165899276733
966,guy,kiss,-0.825920581817627
967,guy,people,-0.8314616978168488
968,guy,poodle,-0.9336172789335251
969,guy,sitting,-0.7463538944721222
970,guy,smile,-0.7982155680656433
971,guy,stand,-0.8507552146911621
972,guy,tear,-0.9725919011980295
973,hail,judge,-1.1074743494391441
974,hair,redhead,-0.7239633202552795
975,hair,stencil,-0.9240702539682388
976,hair,wig,-0.42743951082229614
977,hand,left,-0.5797022879123688
978,handle,shop,-0.9617245011031628
979,handle,terrier,-1.00119375041686
980,hanging,smile,-0.8314374834299088
981,happy,licking,-0.9795233756303787
982,happy,mom,-0.5948817133903503
983,happy,post,-0.9005777463316917
984,happy,sleep,-0.7702573090791702
985,happy,stand,-0.8488671630620956
986,happy,stop,-0.8811031505465508
987,happy,time,-0.7442076504230499
988,harbor,sea,-0.6408206522464752
989,harbor,sunk,-0.6029689908027649
990,harbour,ship,-0.6207278668880463
991,harbour,shore,-0.5544897019863129
992,hard,zoo,-1.0672834739089012
993,hat,jacket,-0.5210006237030029
994,hat,jean,-0.9805206377059221
995,hat,peel,-0.9153142347931862
996,hat,role,-0.9857322555035353
997,health,welfare,-0.4973476529121399
998,heart,wing,-1.0412865616381168
999,heater,stove,-0.41327232122421265
1000,heel,stack,-0.8398495763540268
1001,held,nest,-1.0036577756982297
1002,helix,spiral,-0.6129232048988342
1003,highway,road,-0.31105393171310425
1004,hill,horizon,-0.954339575022459
1005,hill,mountain,-0.5149114429950714
1006,hill,scenery,-0.8902784138917923
1007,history,recital,-0.9877724274992943
1008,hit,tourist,-0.7507837414741516
1009,hockey,ice,-0.44042861461639404
1010,hockey,play,-0.6166583001613617
1011,holiday,travel,-0.6613567173480988
1012,home,smoking,-1.0304233059287071
1013,honest,sincere,-0.47950369119644165
1014,hood,protection,-0.9869237709790468
1015,hope,psychology,-1.005965550430119
1016,horizon,sky,-0.5420978963375092
1017,horizontal,surface,-0.6250259578227997
1018,hostility,war,-0.7806909382343292
1019,hot,hot,0.0
1020,hot,sunny,-0.6905990540981293
1021,hotel,kill,-0.889015443623066
1022,hotel,library,-0.8035447150468826
1023,hotel,oak,-0.9157126396894455
1024,house,staircase,-0.8324752300977707
1025,house,windmill,-0.8740934133529663
1026,housing,vault,-1.0022162145469338
1027,hummingbird,rodent,-0.7020024657249451
1028,husky,painting,-1.0747702345252037
1029,image,visualize,-0.8348296731710434
1030,impressive,striking,-0.7632476836442947
1031,industrial,lake,-0.9645256586372852
1032,information,target,-0.8890429511666298
1033,infrastructure,structure,-0.6999006867408752
1034,initial,letter,-0.8196912854909897
1035,injury,wrong,-0.9424820765852928
1036,ink,liquid,-0.677253931760788
1037,ink,organ,-1.0453153401613235
1038,insect,lizard,-0.6886193156242371
1039,installation,zoo,-0.892145462334156
1040,instruction,lesson,-0.6197868883609772
1041,interest,lien,-0.9104732498526573
1042,interior,object,-0.9467941075563431
1043,interior,paint,-0.7975645810365677
1044,interior,roof,-0.7311142086982727
1045,interior,staircase,-0.7508738487958908
1046,interior,tall,-0.9203469827771187
1047,interpretation,twist,-0.8551508635282516
1048,intrigue,romance,-0.6061327457427979
1049,inventory,listing,-0.7138248980045319
1050,invite,requests,-0.7234547436237335
1051,ipod,rope,-0.9758397005498409
1052,iron,robust,-1.0001443761284463
1053,israel,israeli,-0.18469691276550293
1054,israel,terror,-0.6710769534111023
1055,issue,up,-0.864941731095314
1056,ivy,oak,-0.6487543880939484
1057,jaguar,storm,-0.9328540489077568
1058,jamaica,queens,-0.6639275252819061
1059,jazz,play,-0.7926434576511383
1060,jean,shirt,-0.8940042704343796
1061,jean,washing,-1.043126255273819
1062,jellyfish,punk,-0.9117793142795563
1063,jellyfish,texture,-0.8836319372057915
1064,joke,message,-0.7970251739025116
1065,journal,writing,-0.6896677017211914
1066,judgment,sense,-0.7042151093482971
1067,jump,stitch,-0.9057062491774559
1068,jump,uniform,-1.0609333738684654
1069,jury,school,-0.9463196322321892
1070,justice,official,-0.7988999038934708
1071,juvenile,rope,-1.011836614459753
1072,key,misty,-1.0250482987612486
1073,key,motor,-0.9581774808466434
1074,keyboard,soldier,-1.0355883836746216
1075,kidnapped,shanghai,-1.0108019625768065
1076,kill,sacrifice,-0.8575931191444397
1077,kill,shot,-0.7257099151611328
1078,kind,soft,-0.8337405174970627
1079,kiss,rusty,-0.9909121543169022
1080,kitchen,sleep,-0.7059973478317261
1081,kitchen,stair,-0.822256863117218
1082,kitchen,washing,-0.6050994992256165
1083,kitten,kitty,-0.6921802461147308
1084,knock,tap,-0.9513652808964252
1085,lad,wizard,-0.7760024517774582
1086,lady,sexy,-0.7761359214782715
1087,lake,scenery,-0.8055315166711807
1088,lake,town,-0.6991855204105377
1089,lamb,lantern,-0.9048392251133919
1090,lamb,number,-1.0694973170757294
1091,lamb,snow,-0.9293225333094597
1092,landscape,mountain,-0.7290217578411102
1093,landscape,stadium,-0.978279335424304
1094,lantern,oak,-0.8976054266095161
1095,lapse,suspension,-0.8597492873668671
1096,last,last,0.0
1097,last,senior,-0.7703597694635391
1098,laundering,machine,-0.8828864246606827
1099,law,mosaic,-0.9233780205249786
1100,lawn,sleep,-0.8161569684743881
1101,layer,region,-0.9262102097272873
1102,leaf,nature,-1.0320649854838848
1103,lean,rest,-0.8682226836681366
1104,leap,second,-0.8564921319484711
1105,learned,learned,0.0
1106,leather,pouch,-0.6365242004394531
1107,leather,sunshine,-1.067756250500679
1108,leave,pass,-0.8602984547615051
1109,left,morning,-0.7963335663080215
1110,left,walk,-0.8888442665338516
1111,lego,rodent,-0.9354287534952164
1112,lever,machine,-0.7346174716949463
1113,lever,open,-0.9754271246492863
1114,licking,marble,-0.8937471807003021
1115,licking,pier,-1.047610767185688
1116,licking,puppy,-0.7558297663927078
1117,licking,rusty,-0.9161252155900002
1118,licking,sitting,-0.8860020264983177
1119,lie,line,-0.9355254247784615
1120,lie,sun,-0.8612385392189026
1121,light,shadow,-0.7254913747310638
1122,light,sleep,-0.8371313959360123
1123,light,sunlight,-0.5198435485363007
1124,lighthouse,wall,-0.9113965108990669
1125,lighting,man,-1.0067715807817876
1126,lighting,stone,-0.8709247559309006
1127,lily,plant,-0.8023593127727509
1128,lily,purple,-0.736623227596283
1129,lily,tulip,-0.6232489943504333
1130,limb,limb,0.0
1131,line,street,-0.7676703333854675
1132,lion,square,-0.8965148776769638
1133,list,position,-0.8850260600447655
1134,list,post,-0.8498353362083435
1135,list,shopping,-0.8728423416614532
1136,listing,organization,-0.8809510990977287
1137,live,stitch,-0.9845294179394841
1138,location,space,-0.7888957113027573
1139,lock,mannequin,-0.9845308363437653
1140,looking,sightseeing,-0.978215754032135
1141,loss,reducing,-0.7587388306856155
1142,love,romance,-0.46644026041030884
1143,lower,sustain,-0.8907203301787376
1144,lunch,morning,-0.5828256905078888
1145,lunch,sunny,-0.9064336568117142
1146,machine,pond,-1.0358930975198746
1147,machine,sketch,-1.0212288480252028
1148,machine,washing,-0.6649849116802216
1149,magnitude,size,-0.7266647517681122
1150,magnolia,maple,-0.6367709338665009
1151,maker,manufacturer,-0.20684868097305298
1152,makeup,people,-0.8624036461114883
1153,male,man,-0.7580287754535675
1154,manufacture,up,-0.9572411552071571
1155,map,sewing,-0.9761914238333702
1156,map,video,-0.9026681333780289
1157,maple,oak,-0.4842226505279541
1158,marble,postcard,-0.8964339643716812
1159,marble,sing,-0.9654155299067497
1160,market,shop,-0.723394125699997
1161,market,sweeten,-0.9640354476869106
1162,mars,water,-0.850241094827652
1163,mask,roof,-0.851856529712677
1164,match,matchstick,-1.0023282824549824
1165,match,play,-0.4880121350288391
1166,matter,text,-0.9014602154493332
1167,mayor,villa,-0.8328801095485687
1168,meal,rice,-0.7384559512138367
1169,means,tool,-0.7528945654630661
1170,measure,twist,-0.9664845652878284
1171,meat,moon,-0.9889336144551635
1172,meat,potato,-0.574867308139801
1173,meat,soup,-0.5992340445518494
1174,medium,organization,-0.9568800516426563
1175,melody,music,-0.5745770037174225
1176,memorial,rope,-1.003863750724122
1177,memory,operation,-0.9740966595709324
1178,metro,rail,-0.5059643685817719
1179,metro,train,-0.5926614999771118
1180,military,reflection,-0.9403210505843163
1181,military,wasp,-0.9346132576465607
1182,mill,wild,-0.9672132320702076
1183,mill,windmill,-0.4732096195220947
1184,miniature,paint,-0.7398975491523743
1185,miniature,painting,-0.6419942378997803
1186,minister,work,-0.8986937701702118
1187,mirror,raspberry,-1.0015750519232824
1188,mist,sky,-0.6039694845676422
1189,mist,sunny,-0.7119303047657013
1190,misty,sky,-0.6843442022800446
1191,misty,snow,-0.7111966609954834
1192,misty,sunny,-0.6307637095451355
1193,misty,sunrise,-0.8202550858259201
1194,misty,sunshine,-0.6828136444091797
1195,model,toe,-1.1016069948673248
1196,mole,spy,-0.7695264667272568
1197,moment,thief,-1.0177993327379227
1198,money,pile,-0.7970239073038101
1199,money,quota,-0.9087727591395378
1200,monster,rock,-0.8363471627235413
1201,month,year,-0.25907695293426514
1202,moon,mushroom,-0.8743288367986679
1203,morning,sunrise,-0.7003774642944336
1204,morning,sunshine,-0.7648441046476364
1205,mortal,mother,-0.8938307017087936
1206,moss,plant,-0.8682291954755783
1207,mother,mother,0.0
1208,mother,mother-in-law,-0.4990689754486084
1209,mother,pregnant,-0.4444643259048462
1210,mother,yeast,-0.9279603734612465
1211,motion,step,-0.7597705721855164
1212,motto,volunteer,-0.7705881744623184
1213,mouth,tongue,-0.4554139971733093
1214,move,shifting,-0.813432514667511
1215,move,spread,-0.842962309718132
1216,move,swell,-0.8642474114894867
1217,mozart,wagner,-0.5182357728481293
1218,museum,swim,-0.9494196586310863
1219,music,musician,-0.48052549362182617
1220,music,print,-0.8149367421865463
1221,music,track,-0.7992116510868073
1222,musical,solo,-0.6133995354175568
1223,nail,rusty,-0.6486357748508453
1224,nation,spanish,-0.8507842272520065
1225,native,rhodes,-0.9387908317148685
1226,necklace,snow,-1.0159667506814003
1227,nest,wasp,-0.6593841016292572
1228,noodle,pigeon,-0.8088608682155609
1229,novel,story,-0.4417794346809387
1230,nude,painting,-0.6396949291229248
1231,nurse,nurse,0.0
1232,nut,sunflower,-0.6615229249000549
1233,observation,radio,-0.8809510916471481
1234,observe,violating,-0.7594346106052399
1235,obvious,plain,-0.8115010261535645
1236,obvious,room,-0.9628580436110497
1237,occasion,second,-0.7873278558254242
1238,occupation,place,-0.9168993160128593
1239,ocean,pacific,-0.457622766494751
1240,ocean,underwater,-0.6316039562225342
1241,ocean,water,-0.5926920771598816
1242,old,race,-0.8553374409675598
1243,old,seat,-0.9293467923998833
1244,operation,operation,0.0
1245,opinion,sentiment,-0.6508680284023285
1246,orange,peel,-0.6200208365917206
1247,orange,raspberry,-0.6531168520450592
1248,orange,shop,-0.9039720147848129
1249,origami,stadium,-1.0889810770750046
1250,origin,root,-0.8395077735185623
1251,out,sent,-0.6226912140846252
1252,outdoor,pool,-0.6157432496547699
1253,outdoor,swimming,-0.5537401437759399
1254,outfit,sign,-0.9231864511966705
1255,outfit,sock,-0.7205305993556976
1256,overflow,sewer,-0.6373337209224701
1257,pain,suffering,-0.36588817834854126
1258,paint,picture,-0.681738555431366
1259,paint,portrait,-0.5857968926429749
1260,painting,sculpture,-0.33001595735549927
1261,palace,ruin,-0.8415901064872742
1262,panorama,scenery,-0.7009879648685455
1263,panorama,view,-0.621993213891983
1264,panorama,zoo,-0.8426956981420517
1265,paper,railway,-0.9200085401535034
1266,paper,vine,-0.9557953104376793
1267,papers,security,-0.8927788212895393
1268,park,parking,-0.6182455122470856
1269,part,relation,-0.9343733862042427
1270,party,seat,-0.7065077722072601
1271,pass,ticket,-0.9383568949997425
1272,pass,topping,-0.9723744690418243
1273,passage,quotation,-0.8752661123871803
1274,passing,passing,0.0
1275,path,star,-0.9542325884103775
1276,patio,sleep,-0.8315453380346298
1277,patio,stair,-0.7497223913669586
1278,patio,staircase,-0.6378318667411804
1279,patio,woman,-0.9700908716768026
1280,pavilion,terrace,-0.6233090758323669
1281,paw,theatre,-0.9414281435310841
1282,peel,skin,-0.7514006197452545
1283,pennsylvania,writer,-0.9086323902010918
1284,people,wounded,-0.6685867011547089
1285,pepper,potato,-0.661656528711319
1286,pepper,tomato,-0.44375503063201904
1287,person,tiger,-1.005887232720852
1288,personnel,police,-0.6763899624347687
1289,persuasion,weapon,-0.873104453086853
1290,petal,shade,-0.8301117420196533
1291,photo,photography,-0.49078333377838135
1292,photograph,still,-0.9010278806090355
1293,photographer,portrait,-0.6248845160007477
1294,photographer,wedding,-0.8161614835262299
1295,piano,wolf,-0.8929095417261124
1296,pigeon,round,-0.9558922052383423
1297,pillow,stone,-0.8424926251173019
1298,pink,skirt,-0.6622178852558136
1299,pink,white,-0.5011259913444519
1300,place,place,0.0
1301,place,siphon,-1.0356171987950802
1302,plain,report,-1.0753749534487724
1303,plant,seed,-0.7447783350944519
1304,plant,skate,-0.9963637911714613
1305,play,rail,-1.004500726237893
1306,play,sign,-0.8757447525858879
1307,play,thousand,-1.075808897614479
1308,player,slave,-0.8875706866383553
1309,pledge,promise,-0.31123459339141846
1310,plot,strategy,-0.8168950080871582
1311,point,second,-0.6723624467849731
1312,point,spot,-0.7693322151899338
1313,point,tennis,-1.130379855632782
1314,point,trouble,-0.8862988278269768
1315,poll,poll,0.0
1316,pond,water,-0.5734359920024872
1317,poodle,puppy,-0.5448826551437378
1318,poodle,terrier,-0.4759818911552429
1319,pool,relax,-0.7480543851852417
1320,porch,roof,-0.43197882175445557
1321,porch,scooter,-0.9531628116965294
1322,porch,staircase,-0.5072548091411591
1323,portrait,underground,-0.9628020711243153
1324,potato,rice,-0.6312611401081085
1325,president,president,0.0
1326,price,price,0.0
1327,principle,principle,0.0
1328,privilege,rich,-0.8437521755695343
1329,production,production,0.0
1330,profiling,racism,-0.653375506401062
1331,protection,roof,-0.8536647260189056
1332,protest,tile,-1.074250191450119
1333,publish,show,-0.9297602251172066
1334,pug,puppy,-0.5286235511302948
1335,punk,vinyl,-0.7267274856567383
1336,puppy,skyline,-0.9423058442771435
1337,purple,violet,-0.47740936279296875
1338,pyramid,speculation,-1.0533075332641602
1339,quality,romance,-1.0500416494905949
1340,queen,queen,0.0
1341,race,racing,-0.46190571784973145
1342,race,square,-0.9872966762632132
1343,radical,role,-0.8887252658605576
1344,rail,train,-0.37210845947265625
1345,railroad,underground,-0.6868232488632202
1346,railway,station,-0.4549432396888733
1347,rain,wet,-0.5095029771327972
1348,raise,shoulders,-0.9260489046573639
1349,raising,upbringing,-0.9061181992292404
1350,raspberry,sweet,-0.7289943993091583
1351,read,reading,-0.330175518989563
1352,rebel,soldier,-0.6915682256221771
1353,rebel,young,-0.9226502999663353
1354,recognize,succeed,-0.8860144019126892
1355,record,score,-0.6052831709384918
1356,record,write,-0.9348364323377609
1357,red,shade,-0.7605232298374176
1358,red,stripe,-0.6537575125694275
1359,redhead,rusty,-0.835380807518959
1360,relax,sitting,-0.7664774507284164
1361,relief,total,-0.8356705456972122
1362,religion,remedy,-0.9097445532679558
1363,religion,trinity,-0.8488242030143738
1364,report,study,-0.5510016977787018
1365,reptile,vacation,-1.0066467528231442
1366,reservation,reservation,0.0
1367,resistance,resistance,0.0
1368,reverse,reverse,0.0
1369,rice,yellow,-0.8706383258104324
1370,ripple,shadow,-0.8880590200424194
1371,ripple,wave,-0.7008778154850006
1372,river,valley,-0.4128780961036682
1373,river,waterfall,-0.5778084695339203
1374,robbery,rolling,-1.0502531416714191
1375,rod,rod,0.0
1376,role,title,-0.8321723788976669
1377,rolling,sound,-0.8208900690078735
1378,room,sitting,-0.49469149112701416
1379,root,stem,-0.6242766082286835
1380,rope,shore,-0.8294379860162735
1381,rose,rose,0.0
1382,round,shape,-0.8444029539823532
1383,row,terrace,-0.8207407295703888
1384,rub,wipe,-0.6268909275531769
1385,ruin,stone,-0.8186030685901642
1386,ruin,town,-0.858773946762085
1387,running,sprint,-0.8342263400554657
1388,rusty,shade,-0.8747889846563339
1389,rusty,stand,-0.9160667061805725
1390,saddle,soap,-0.8615319281816483
1391,sail,sheet,-0.8951204419136047
1392,sailing,sunk,-0.6342861950397491
1393,sake,shade,-0.9153429940342903
1394,satellite,solar,-0.646886944770813
1395,scenery,trail,-0.8319111317396164
1396,school,welsh,-0.8676516860723495
1397,sea,shore,-0.5584465265274048
1398,sea,submarine,-0.592645138502121
1399,sea,water,-0.5590158998966217
1400,season,winter,-0.5414256155490875
1401,seize,take,-0.6221705377101898
1402,series,string,-0.7374347746372223
1403,sex,sex,0.0
1404,sexy,smile,-0.8087866306304932
1405,shade,tree,-0.565663069486618
1406,shade,whale,-0.9980719650629908
1407,shadow,sunlight,-0.8140953332185745
1408,shape,square,-0.78902368247509
1409,sheet,sheet,0.0
1410,shining,work,-0.9703815579414368
1411,ship,spouse,-1.0425072759389877
1412,shirt,tiger,-0.8459610491991043
1413,shopping,store,-0.5279247760772705
1414,shore,swim,-0.6909417808055878
1415,shore,town,-0.7805548012256622
1416,shore,valley,-0.8140064477920532
1417,short,trading,-0.8544894754886627
1418,sight,vision,-0.6555272340774536
1419,sign,sign,0.0
1420,silence,still,-0.9136800020933151
1421,single,sole,-0.7051197290420532
1422,sitting,sleep,-0.6855132579803467
1423,situation,things,-0.6480063796043396
1424,skate,vehicle,-1.011081025004387
1425,skating,sticker,-1.086619846522808
1426,skin,skin,0.0
1427,sky,sunlight,-0.6575846076011658
1428,skyline,view,-0.7153368592262268
1429,slash,stroke,-0.9540425948798656
1430,slave,worker,-0.8050531893968582
1431,sleeping,waking,-0.5450233817100525
1432,small,valley,-0.81195168197155
1433,small,village,-0.687626838684082
1434,smile,time,-1.0086727496236563
1435,smile,view,-0.9468155950307846
1436,smile,walk,-0.7953394204378128
1437,smoking,sunny,-0.8997245132923126
1438,snap,touch,-0.7860722541809082
1439,sock,stocking,-0.7340968251228333
1440,solstice,summer,-0.6159458458423615
1441,song,vocal,-0.6490673422813416
1442,speech,word,-0.7623536735773087
1443,spin,sweat,-1.0079750204458833
1444,spiral,staircase,-0.52681764960289
1445,spread,spread,0.0
1446,square,town,-0.7027273178100586
1447,stamp,weave,-1.0178025029599667
1448,stand,tear,-0.9114598110318184
1449,stand,walk,-0.716150164604187
1450,star,star,0.0
1451,star,storm,-0.9158019572496414
1452,steel,wing,-0.898041620850563
1453,step,travel,-0.9438537694513798
1454,step,walk,-0.7474458813667297
1455,step,wind,-1.0111145367845893
1456,sticker,track,-1.0484697185456753
1457,stock,stock,0.0
1458,storm,thunderstorm,-0.4826323986053467
1459,straight,stretch,-0.6316406428813934
1460,strains,trouble,-0.8797354772686958
1461,stream,waterfall,-0.5913683176040649
1462,stripe,train,-0.9873618828132749
1463,stripe,violet,-0.673505038022995
1464,subway,underground,-0.5730759799480438
1465,subway,valentine,-0.9045997112989426
1466,sun,sun,0.0
1467,sun,sunburst,-0.9331960827112198
1468,sun,sunlight,-0.5674658715724945
1469,sun,sunshine,-0.6313801109790802
1470,sunlight,thriller,-1.013434013351798
1471,sunny,weather,-0.47568368911743164
1472,sunny,wet,-0.5812012553215027
1473,sunshine,weather,-0.6776996552944183
1474,support,trace,-1.0011945485603064
1475,surface,territory,-0.8804577738046646
1476,surfer,wave,-0.7186967730522156
1477,tall,wool,-0.8858931213617325
1478,tenure,term,-0.6296932399272919
1479,thing,thing,0.0
1480,ticket,writing,-1.0119383428245783
1481,tops,tops,0.0
1482,touch,upset,-0.9615190513432026
1483,tour,travel,-0.7286175489425659
1484,traffic,traffic,0.0
1485,train,train,0.0
1486,travel,travel,0.0
1487,travel,wandering,-0.846567377448082
1488,tunnel,underground,-0.5407256186008453
1489,type,write,-0.9107201248407364
1490,valley,village,-0.6069610714912415
1491,van,vine,-0.9487392753362656
1492,violet,white,-0.6435575187206268
1493,violet,yellow,-0.6270177066326141
1494,washer,worker,-0.8941574916243553
1495,water,water,0.0
1496,ways,ways,0.0
1497,weather,winter,-0.4896027445793152
1498,wednesday,weekday,-0.8643803000450134
1499,word,word,0.0
